model_name,validation_MAE,validation_RMSE,validation_MAPE,validation_R2,validation_MedianAbsoluteError,validation_DirectionalAccuracy,test_MAE,test_RMSE,test_MAPE,test_R2,test_MedianAbsoluteError,test_DirectionalAccuracy
LinearRegression,0.14265347464470873,0.18564329643222327,4.023981094216931,0.9792811246226993,0.11443382314434469,0.684375,0.15625142535122952,0.20532048144087178,4.260541536466265,0.982534330901626,0.12778427715148044,0.765807962529274
Ridge,0.14594273534892815,0.19054332928368733,4.331216655796535,0.9781729454640337,0.1166929263808717,0.678125,0.1671979741351036,0.21914178313258945,4.649026979188619,0.9801037576533728,0.1345112200853924,0.7412177985948478
RandomForestRegressor,0.13986854721833855,0.18031212778028938,4.041168421669827,0.9804540172207543,0.1203837461348185,0.690625,0.17812197471966126,0.22184729846587392,4.4036451353621535,0.9796094486548755,0.1548837441394586,0.6838407494145199
XGBoostRegressor,0.19789168376369135,0.2587279724341455,7.050224681936419,0.9597566240915316,0.14593773569379498,0.621875,0.18014121623133372,0.23491595916335226,4.338610799161611,0.977136341555614,0.14209753785814572,0.7365339578454333
